{
    "rmse": 0.7846778161066199,
    "mae": 0.6445811716414176,
    "r2": 0.7161005004121401
}